user1,Deposit,4.21838787324E11,2024-07-01 23:02:10
user1,Deposit,2.10917722385E11,2024-07-01 23:02:10
user1,Deposit,2.10917722385E11,2024-07-01 23:02:10
user1,Deposit,2.10914379831E11,2024-07-01 23:02:10
user1,Deposit,2.10914379831E11,2024-07-01 23:02:10
user1,Deposit,2.10914379831E11,2024-07-01 23:02:10
user1,Deposit,2.10914379831E11,2024-07-01 23:02:10
user1,Deposit,1390850.0,2024-07-01 23:02:10
user1,Deposit,1390850.0,2024-07-01 23:02:10
user1,Deposit,1390850.0,2024-07-01 23:02:10
user1,Deposit,1390850.0,2024-07-01 23:02:10
user1,Deposit,1390850.0,2024-07-01 23:02:10
user1,Deposit,1390850.0,2024-07-01 23:02:10
user1,Deposit,1390850.0,2024-07-01 23:02:10
user1,Deposit,1390850.0,2024-07-01 23:02:10
user1,Deposit,531257.0,2024-07-01 23:02:10
user1,Deposit,531257.0,2024-07-01 23:02:10
user1,Deposit,531257.0,2024-07-01 23:02:10
user1,Deposit,531257.0,2024-07-01 23:02:10
user1,Deposit,531257.0,2024-07-01 23:02:10
user1,Deposit,531257.0,2024-07-01 23:02:10
user1,Deposit,531257.0,2024-07-01 23:02:10
user1,Deposit,531257.0,2024-07-01 23:02:10
user1,Deposit,531257.0,2024-07-01 23:02:10
user1,Deposit,531257.0,2024-07-01 23:02:10
user1,Deposit,531257.0,2024-07-01 23:02:10
user1,Deposit,531257.0,2024-07-01 23:02:10
user1,Deposit,531257.0,2024-07-01 23:02:10
user1,Deposit,531257.0,2024-07-01 23:02:10
user1,Deposit,531257.0,2024-07-01 23:02:10
user1,Deposit,531257.0,2024-07-01 23:02:10
user1,Deposit,202921.0,2024-07-01 23:02:10
user1,Deposit,202921.0,2024-07-01 23:02:10
user1,Deposit,202921.0,2024-07-01 23:02:10
user1,Deposit,202921.0,2024-07-01 23:02:10
user1,Deposit,202921.0,2024-07-01 23:02:10
user1,Deposit,202921.0,2024-07-01 23:02:10
user1,Deposit,202921.0,2024-07-01 23:02:10
user1,Deposit,202921.0,2024-07-01 23:02:10
user1,Deposit,202921.0,2024-07-01 23:02:10
user1,Deposit,202921.0,2024-07-01 23:02:10
user1,Deposit,202921.0,2024-07-01 23:02:10
user1,Deposit,202921.0,2024-07-01 23:02:10
user1,Deposit,202921.0,2024-07-01 23:02:10
user1,Deposit,202921.0,2024-07-01 23:02:10
user1,Deposit,202921.0,2024-07-01 23:02:10
user1,Deposit,202921.0,2024-07-01 23:02:10
user1,Deposit,202921.0,2024-07-01 23:02:10
user1,Deposit,202921.0,2024-07-01 23:02:10
user1,Deposit,202921.0,2024-07-01 23:02:10
user1,Deposit,202921.0,2024-07-01 23:02:10
user1,Deposit,202921.0,2024-07-01 23:02:10
user1,Deposit,202921.0,2024-07-01 23:02:10
user1,Deposit,202921.0,2024-07-01 23:02:10
user1,Deposit,202921.0,2024-07-01 23:02:10
user1,Deposit,202921.0,2024-07-01 23:02:10
user1,Deposit,202921.0,2024-07-01 23:02:10
user1,Deposit,202921.0,2024-07-01 23:02:10
user1,Deposit,202921.0,2024-07-01 23:02:10
user1,Deposit,202921.0,2024-07-01 23:02:10
user1,Deposit,202921.0,2024-07-01 23:02:10
user1,Deposit,202921.0,2024-07-01 23:02:10
user1,Deposit,202921.0,2024-07-01 23:02:10
user1,Deposit,77506.0,2024-07-01 23:02:10
user1,Deposit,77506.0,2024-07-01 23:02:10
user1,Deposit,77506.0,2024-07-01 23:02:10
user1,Deposit,77506.0,2024-07-01 23:02:10
user1,Deposit,77506.0,2024-07-01 23:02:10
user1,Deposit,77506.0,2024-07-01 23:02:10
user1,Deposit,77506.0,2024-07-01 23:02:10
user1,Deposit,77506.0,2024-07-01 23:02:10
test,Deposit,0.0,2024-07-01 23:02:10
test,Deposit,0.0,2024-07-01 23:02:10
test,Deposit,0.0,2024-07-01 23:02:10
hello,Deposit,5.745580000001965E23,2024-07-01 23:02:10
hello,Deposit,2.8727900000009826E23,2024-07-01 23:02:10
hello,Deposit,2.8727900000009826E23,2024-07-01 23:02:10
hello,Deposit,2.8727900000009826E23,2024-07-01 23:02:10
hello,Deposit,2.8727900000009826E23,2024-07-01 23:02:10
hello,Deposit,2.8727900000009826E23,2024-07-01 23:02:10
hello,Deposit,2.8727900000009826E23,2024-07-01 23:02:10
user,Deposit,1.00204305756E11,2024-07-01 23:01:54
user,Deposit,5.0102152878E10,2024-07-01 23:01:54
user,Deposit,5.0102152878E10,2024-07-01 23:01:54
user,Deposit,5.0102152878E10,2024-07-01 23:01:54
user,Deposit,5.0102152878E10,2024-07-01 23:01:54
user,Deposit,5.0102152878E10,2024-07-01 23:01:54
user,Deposit,5.0102152878E10,2024-07-01 23:01:54
april,Deposit,0.0,2024-07-01 23:02:10
april,Deposit,0.0,2024-07-01 23:02:10
april,Deposit,0.0,2024-07-01 23:02:10
april,Deposit,0.0,2024-07-01 23:02:10
april,Deposit,0.0,2024-07-01 23:02:10
april,Deposit,0.0,2024-07-01 23:02:10
april,Deposit,0.0,2024-07-01 23:02:10
